Workbook

Sheet Instructions
C3: Hi 👋
C4: This template has been designed for creating audits, with audit revision points based on the 10 usability heuristics for user interface design.
C5: Here's how to use it:
C6: 1. Duplicate this file and create a copy for your editing purposes.
C7: 2. This file is intended for use by two designers. Determine who will take on the roles of Evaluator 1 and Evaluator 2, and commence your audit!
C8: 3. Don't move the cells that says "don't move"

Sheet About the project
C3: App name: | D3: add name here
C4: Flow to audit (If applicable): | D4: name of flow here
C5: Goal: | D5: Add the goal of this audit here, why are you doing this?
C6: Link: | D6: Link here
C7: Notes | D7: add any notes, or consideration for the audit

Sheet Summary (global results)
B1: * Don't move anything on this page.
B2: Category | C2: Explanation | D2: Results (%) (don't move) | E2: App/website result
B3: 1. Consistency | C3: Explanation: Users should not have to wonder whether different words, situations, or actions mean the same thing. Follow platform and industry conventions. | D3: =ROUND(AVERAGE('1. Consistency'!H4:H9),1) -> 0 | E3: =ROUND(AVERAGE(D3:D11),1) -> 0
B4: 2. Aesthetic | C4: Interfaces should not contain information that is irrelevant or rarely needed. Every extra unit of information in an interface competes with the relevant units of information and diminishes their relative visibility. | D4: =ROUND(AVERAGE('2. Aesthetic'!H4:H10),1) -> 0
B5: 3. Recover | C5: Explanation: People make mistakes. The system is prepared for user errors. Error messages are in plan language with no codes and constructively suggesting a solution. The system gives the user a sense of freedom and confidence. | D5: =ROUND(AVERAGE('3.Recover'!H4:H8),1) -> 0
B6: 4. Recognition | C6: Explanation: Human memory is complicated. The user should not have to remember information from one part of the interface to the other. Minimize the user's memory load by making elements, actions and options visible | D6: =ROUND(AVERAGE('4. Recognition'!H4:H7),1) -> 0
B7: 5. Accessibility | C7: People have different needs. The system takes this into consideration following basic accessibility principles. | D7: =ROUND(AVERAGE('5. Accessibility'!H4:H9),1) -> 0
B8: 6. Attention | C8: Users' attention is grabbed and held in the right moments; users aren't distracted when they are paying attention to something important. The system prevents slips and mistakes. | D8: =ROUND(AVERAGE('6. Attention'!H4:H9),1) -> 0
B9: 7. Status | C9: People crave information and the system gives the user the information they need in the moment they need it. The design should always keep the user informed about what's going on and appropriate feedback. Is best if the system doesn't need any additional information, however, documentation should be provided to help users understand how to complete tasks. | D9: =ROUND(AVERAGE('7. Status'!H4:H8),1) -> 0
B10: 8. Real world | C10: The design should speak users' language, words, phrases, and concepts rather than internal jargon. Real world conventions should be followed to make information appear in a natural and logical order. This will depend very much on your specific users. The mental models of those users should be taken into account as well as unconscious processing. | D10: =ROUND(AVERAGE('8. Real world'!H4:H7),1) -> 0
B11: 9. Important | C11: Information is grouped in a way that users' can focus, cluttered interfaces are avoided. | D11: =ROUND(AVERAGE('9. Important'!H4:H9),1) -> 0

Sheet 1. Consistency
B1: 1. Consistency | E1: Grade= | F1: =ROUND(AVERAGE(H4:H9),1) -> 0
B2: Explanation: Users should not have to wonder whether different words, situations, or actions mean the same thing. Follow platform and industry conventions.
B3: Statement | C3: Evaluator 1 | D3: Evaluator 2 | E3: Average (add AVG result) | F3: Out of (don't move) | G3: Number Result (don't move) | H3: Final result (don't move) | I3: Notes
B4: The content and visual design of UI is focused on the essentials | F4: 4 | G4: =E4/F4*5 -> 0 | H4: =(G4*100)/5 -> 0 | I4: Please add notes
B5: Content and features to support primary goals is prioritized | F5: 4 | G5: =E5/F5*5 -> 0 | H5: =(G5*100)/5 -> 0 | I5: Please add notes
B6: Headers and short blocks of info or text are used. | F6: 4 | G6: =E6/F6*5 -> 0 | H6: =(G6*100)/5 -> 0 | I6: Please add notes
B7: The information is easy to scan. The app/website uses a visual hierarchy for both images and typography | F7: 4 | G7: =E7/F7*5 -> 0 | H7: =(G7*100)/5 -> 0 | I7: Please add notes
B8: Text lines have suitable length: About fifteen words per line seems to be a good consensus. | F8: 4 | G8: =E8/F8*5 -> 0 | H8: =(G8*100)/5 -> 0 | I8: Please add notes
B9: Presentation: Is the visual layout well designed? | F9: 4 | G9: =E9/F9*5 -> 0 | H9: =(G9*100)/5 -> 0 | I9: Please add notes

Sheet 2. Aesthetic
B1: 2. Aesthetic | E1: Grade= | F1: =ROUND(AVERAGE(H4:H10),1) -> 0
B2: Interfaces should not contain information that is irrelevant or rarely needed. Every extra unit of information in an interface competes with the relevant units of information and diminishes their relative visibility.
B3: Statement | C3: Evaluator 1 | D3: Evaluator 2 | E3: Average (add AVG result) | F3: Out of (don't move) | G3: Number result (don't move) | H3: Final result (don't move) | I3: Notes
B4: The system repeats elements like CTA so completing a task doesn't require more user work than needed. | F4: 4 | G4: =E4/F4*5 -> 0 | H4: =(G4*100)/5 -> 0 | I4: Please add notes
B5: The system follows established industry conventions (external consistency). | F5: 4 | G5: =E5/F5*5 -> 0 | H5: =(G5*100)/5 -> 0 | I5: Please add notes
B6: The system shows the information in little bits (progressive disclosure) | F6: 4 | G6: =E6/F6*5 -> 0 | H6: =(G6*100)/5 -> 0 | I6: Please add notes
B7: Examples are shown (additionally to descriptions) | F7: 4 | G7: =E7/F7*5 -> 0 | H7: =(G7*100)/5 -> 0 | I7: Please add notes
B8: The objects on the screen have right affordances; clickable things look clickable | F8: 4 | G8: =E8/F8*5 -> 0 | H8: =(G8*100)/5 -> 0 | I8: Please add notes
B9: The system maintain consistency within a single product or a family of products (internal consistency) | F9: 4 | G9: =E9/F9*5 -> 0 | H9: =(G9*100)/5 -> 0 | I9: Please add notes
B10: Does the website/app favor maps, diagrams, graphs, flow charts and other visuals over long blocks of text? | F10: 4 | G10: =E10/F10*5 -> 0 | H10: =(G10*100)/5 -> 0 | I10: Please add notes

Sheet 3.Recover
B1: 3. Recover | E1: Grade= | F1: =ROUND(AVERAGE(H4:H8),1) -> 0
B2: Explanation: People make mistakes. The system is prepared for user errors. Error messages are in plan language with no codes and constructively suggesting a solution. The system gives the user a sense of freedom and confidence.
B3: Statement | C3: Evaluator 1 | D3: Evaluator 2 | E3: Average (add AVG result) | F3: Out of (don't move) | G3: Number Result (don't move) | H3: Final result (don't move) | I3: Notes
B4: It's easy to undo and redo | F4: 4 | G4: =E4/F4*5 -> 0 | H4: =(G4*100)/5 -> 0 | I4: Please add notes
B5: A clear way to exit the current interaction, like a Cancel button exists. | F5: 4 | G5: =E5/F5*5 -> 0 | H5: =(G5*100)/5 -> 0 | I5: Please add notes
B6: Traditional error message visuals, like bold and red text are used. | F6: 4 | G6: =E6/F6*5 -> 0 | H6: =(G6*100)/5 -> 0 | I6: Please add notes
B7: Solutions that can solve the error immediately are offered. | F7: 4 | G7: =E7/F7*5 -> 0 | H7: =(G7*100)/5 -> 0 | I7: Please add notes
B8: If an error is detected in a data entry field, does the system place the user in that field or highlight the error? | F8: 4 | G8: =E8/F8*5 -> 0 | H8: =(G8*100)/5 -> 0 | I8: Please add notes

Sheet 4. Recognition
B1: 4. Recognition | E1: Grade= | F1: =ROUND(AVERAGE(H4:H7),1) -> 0
B2: Explanation: Human memory is complicated. The user should not have to remember information from one part of the interface to the other. Minimize the user's memory load by making elements, actions and options visible
B3: Statement | C3: Evaluator 1 | D3: Evaluator 2 | E3: Average (add AVG result) | F3: Out of (don't move) | G3: Number Result (don't move) | H3: Final result (don't move) | I3: Notes
B4: Users aren't required to remember things from one task to another | F4: 4 | G4: =E4/F4*5 -> 0 | H4: =(G4*100)/5 -> 0 | I4: Please add notes
B5: Help is offered to user instead of a long tutorial to memorize. | F5: 4 | G5: =E5/F5*5 -> 0 | H5: =(G5*100)/5 -> 0 | I5: Please add notes
B6: Is color coding consistent throughout the system? | F6: 4 | G6: =E6/F6*5 -> 0 | H6: =(G6*100)/5 -> 0 | I6: Please add notes
B7: Solutions that can solve the error immediately are offered. | F7: 4 | G7: =E7/F7*5 -> 0 | H7: =(G7*100)/5 -> 0 | I7: Please add notes

Sheet 5. Accessibility
B1: 5. Accessibility | E1: Grade= | F1: =ROUND(AVERAGE(H4:H9),1) -> 0
B2: People have different needs. The system takes this into consideration following basic accessibility principles.
B3: Statement | C3: Evaluator 1 | D3: Evaluator 2 | E3: Average (add AVG result) | F3: Out of (don't move) | G3: Number result (don't move) | H3: Final result (don't move) | I3: Notes
B4: The system pays attention to color contrast. Color isn't the only mean it uses to convey a message. | F4: 4 | G4: =E4/F4*5 -> 0 | H4: =(G4*100)/5 -> 0 | I4: Please add notes
B5: The system doesn't rely on color as the only means to convey a message. Instead uses a combination of text, color, or graphical objects. | F5: 4 | G5: =E5/F5*5 -> 0 | H5: =(G5*100)/5 -> 0 | I5: Please add notes
B6: The system keeps its font size at least 12pt | F6: 4 | G6: =E6/F6*5 -> 0 | H6: =(G6*100)/5 -> 0 | I6: Please add notes
B7: The system has a consistent navigation, were all the repeated components occur in the same order on each page. | F7: 4 | G7: =E7/F7*5 -> 0 | H7: =(G7*100)/5 -> 0 | I7: Please add notes
B8: Touch targets are at least of approximately 9 mm high by 9 mm wide, independent of the screen device or resolution. And leaves enough inactive space around controls. | F8: 4 | G8: =E8/F8*5 -> 0 | H8: =(G8*100)/5 -> 0 | I8: Please add notes
B9: The system has a device-independent design, supporting various screen sizes without loss of information or functionalities. | F9: 4 | G9: =E9/F9*5 -> 0 | H9: =(G9*100)/5 -> 0 | I9: Please add notes

Sheet 6. Attention
B1: 6. Attention | E1: Grade= | F1: =ROUND(AVERAGE(H4:H9),1) -> 0
B2: Users' attention is grabbed and held in the right moments; users aren't distracted when they are paying attention to something important. The system prevents slips and mistakes.
B3: Statement | C3: Evaluator 1 | D3: Evaluator 2 | E3: Average (add AVG result) | F3: Out of (don't move) | G3: Number result (don't move) | H3: Final result (don't move) | I3: Notes
B4: The system uses different or novel objects in the interface when it wants the user to pay attention | F4: 4 | G4: =E4/F4*5 -> 0 | H4: =(G4*100)/5 -> 0 | I4: Please add notes
B5: Mistakes are prevented by removing memory burdens, supporting undo and warning users. Slips are prevented by providing helpful constraints and good defaults. | F5: 4 | G5: =E5/F5*5 -> 0 | H5: =(G5*100)/5 -> 0 | I5: Please add notes
B6: The system doesn't relies on users noticing every change in the interface. | F6: 4 | G6: =E6/F6*5 -> 0 | H6: =(G6*100)/5 -> 0 | I6: Please add notes
B7: To grab the attention, the system uses bright colors, large fonts, beeps and tones. | F7: 4 | G7: =E7/F7*5 -> 0 | H7: =(G7*100)/5 -> 0 | I7: Please add notes
B8: There aren't unnecessary elements distract users from the information they really need. | F8: 4 | G8: =E8/F8*5 -> 0 | H8: =(G8*100)/5 -> 0 | I8: Please add notes
B9: Is white space used to create symmetry and lead the eye in the appropriate direction? | F9: 4 | G9: =E9/F9*5 -> 0 | H9: =(G9*100)/5 -> 0 | I9: Please add notes

Sheet 7. Status
B1: 7. Status | E1: Grade= | F1: =ROUND(AVERAGE(H4:H8),1) -> 0
B2: People crave information and the system gives the user the information they need in the moment they need it. The design should always keep the user informed about what's going on and appropriate feedback. Is best if the system doesn't need any additional information, however, documentation should be provided to help users understand how to complete tasks.
B3: Statement | C3: Evaluator 1 | D3: Evaluator 2 | E3: Average (add AVG result) | F3: Out of (don't move) | G3: Number result (don't move) | H3: Final result (don't move) | I3: Notes
B4: Help documentation is easy to search. And ideally presented in context right at the moment the user requires it. | F4: 4 | G4: =E4/F4*5 -> 0 | H4: =(G4*100)/5 -> 0 | I4: Please add notes
B5: It's clear to users what the system's state is - no action with consequences to users should be taken without informing them. | F5: 4 | G5: =E5/F5*5 -> 0 | H5: =(G5*100)/5 -> 0 | I5: Please add notes
B6: Feedback is presented to the user as quickly as possible (ideally immediately) | F6: 4 | G6: =E6/F6*5 -> 0 | H6: =(G6*100)/5 -> 0 | I6: Please add notes
B7: Trust and credibility are built through open and continuous communication. | F7: 4 | G7: =E7/F7*5 -> 0 | H7: =(G7*100)/5 -> 0 | I7: Please add notes
B8: The user is provided with various forms of contact (human agent, email, phone, etc) | F8: 4 | G8: =E8/F8*5 -> 0 | H8: =(G8*100)/5 -> 0 | I8: Please add notes

Sheet 8. Real world
B1: 8. Real world | E1: Grade= | F1: =ROUND(AVERAGE(H4:H7),1) -> 0
B2: The design should speak users' language, words, phrases, and concepts rather than internal jargon. Real world conventions should be followed to make information appear in a natural and logical order. This will depend very much on your specific users. The mental models of those users should be taken into account as well as unconscious processing.
B3: Statement | C3: Evaluator 1 | D3: Evaluator 2 | E3: Average (add AVG result) | F3: Out of (don't move) | G3: Number result (don't move) | H3: Final result (don't move) | I3: Notes
B4: When users are required to commit a large action, they are first required to commit a smaller one (progressive disclosure is use in those cases) | F4: 4 | G4: =E4/F4*5 -> 0 | H4: =(G4*100)/5 -> 0 | I4: Please add notes
B5: The system matches the users' mental model, or it teaches the users to have the right mental model of the system | F5: 4 | G5: =E5/F5*5 -> 0 | H5: =(G5*100)/5 -> 0 | I5: Please add notes
B6: Suitable metaphors are used to helpt users get a conceptual model of the system. | F6: 4 | G6: =E6/F6*5 -> 0 | H6: =(G6*100)/5 -> 0 | I6: Please add notes
B7: User research is done to get information about users' mental models and those in consideration. | F7: 4 | G7: =E7/F7*5 -> 0 | H7: =(G7*100)/5 -> 0 | I7: Please add notes

Sheet 9. Important
B1: 9. Important | E1: Grade= | F1: =ROUND(AVERAGE(H4:H9),1) -> 0
B2: Information is grouped in a way that users' can focus, cluttered interfaces are avoided.
B3: Statement | C3: Evaluator 1 | D3: Evaluator 2 | E3: Average (add AVG result) | F3: Out of (don't move) | G3: Number result (don't move) | H3: Final result (don't move) | I3: Notes
B4: The elements of the design are ordered accordingly to similar sibling elements | F4: 4 | G4: =E4/F4*5 -> 0 | H4: =(G4*100)/5 -> 0 | I4: Please add notes
B5: Typography is large enough and easy to read | F5: 4 | G5: =E5/F5*5 -> 0 | H5: =(G5*100)/5 -> 0 | I5: Please add notes
B6: The system helps guide the user's eye to the most important parts of it | F6: 4 | G6: =E6/F6*5 -> 0 | H6: =(G6*100)/5 -> 0 | I6: Please add notes
B7: Do the selected colors correspond to common expectations about color codes? | F7: 4 | G7: =E7/F7*5 -> 0 | H7: =(G7*100)/5 -> 0 | I7: Please add notes
B8: Navigation: Is information easy to find? | F8: 4 | G8: =E8/F8*5 -> 0 | H8: =(G8*100)/5 -> 0 | I8: Please add notes
B9: Presentation: Is the visual layout well designed? | F9: 4 | G9: =E9/F9*5 -> 0 | H9: =(G9*100)/5 -> 0 | I9: Please add notes
